mikefish,fair,enough,kindl,think,perfect,,,,,,,,,,,,
richardebak,big,quit,happi,kindl,,,,,,,,,,,,,
jqueri,new,best,friend,,,,,,,,,,,,,,
love,twitter,,,,,,,,,,,,,,,,
can,love,obama,make,joke,,,,,,,,,,,,,
watchin,correspond,dinner,last,night,whoopi,barbara,amp,sherri,went,obama,got,stand,ovat,,,,
dear,espnjus,seen,new,nike,commer,puppet,lebronsht,hilariouslmao,,,,,,,,,
lebron,nike,stop,flywir,shit,wast,scienc,ugli,love,vincentxx,,,,,,,,
best,athlet,generat,time,basketbal,relat,want,get,intersport,debat,,,,,,,,
ludajuic,love,lebron,httpbitlypdhur,,,,,,,,,,,,,,
beast,nobodi,nba,come,even,close,,,,,,,,,,,,
iphon,much,fun,liter,app,just,anyth,,,,,,,,,,,
call,visa,offic,say,everyth,fine,relief,sick,scam,steal,,,,,,,,
back,biz,via,fredwilson,,,,,,,,,,,,,,
long,weekend,rampr,much,need,,,,,,,,,,,,,
hamilton,bad,ass,homegrown,social,collabor,platform,way,cool,,,,,,,,,
innov,award,winner,booz,allen,hamilton,,,,,,,,,,,,
use,nikon,love,much,canon,dd,chose,video,featur,mistak,,,,,,,,
listen,pyt,danni,gokey,amaz,much,,,,,,,,,,,,
cant,go,sleep,bike,ride,,,,,,,,,,,,,
blah,sleep,tooth,ach,,,,,,,,,,,,,,
glad,blah,blah,old,old,plan,today,go,back,sleep,guess,,,,,,,
didnt,bay,breaker,today,freak,degre,san,francisco,,,,,,,,,,
obama,francisco,today,suggest,,,,,,,,,,,,,,
start,administr,must,stop,bonus,aig,ponzi,schemer,httpbitlycuig,,,,,,,,,
shaunwoo,think,citi,realli,deep,sampt,gonna,surviv,turmoil,gonna,next,aig,,,,,,
yarnth,haten,aig,,,,,,,,,,,,,,,
will,regret,go,see,star,trek,awesom,,,,,,,,,,,
go,way,see,star,trek,esquir,,,,,,,,,,,,
annoy,see,star,trek,soon,dad,,,,,,,,,,,,
bill,new,trend,internet,peopl,pick,apart,michael,lewi,malcolm,gladwel,nobodi,want,read,,,,
high,simmon,convers,malcolm,gladwel,httpbitlyjo,,,,,,,,,,,,
blink,recommend,httptinyurlcomhowdavidbeatsgoliath,malcolm,gladwel,,,,,,,,,,,,,
malcolm,malcolm,gladwel,amaz,book,tip,point,,,,,,,,,,,
omg,gladwel,might,new,man,crush,,,,,,,,,,,,
robmalon,commerci,alon,espn,go,drive,nut,,,,,,,,,,,
play,play,twitter,api,sound,fun,may,need,take,class,find,new,friend,like,generat,result,api,code
hello,curl,twitter,api,,,,,,,,,,,,,,
play,twitter,api,,,,,,,,,,,,,,,
morind,java,twitter,api,,,,,,,,,,,,,,
yahoo,twitter,api,slow,client,good,,,,,,,,,,,,
answer,can,butt,sometim,,,,,,,,,,,,,,
scrapbook,nic,,,,,,,,,,,,,,,,
just,mashabl,five,thing,wolfram,alpha,better,vast,differ,googl,httpbitlynsnr,,,,,,,
nike,chang,default,pic,nike,basketbal,caus,bball,awesom,,,,,,,,,
next,own,nba,playoff,lebron,kobe,carmelo,httpowlyuiy,adida,billup,howard,market,brand,,,,,
new,time,call,nike,,,,,,,,,,,,,,
blog,post,nike,dunk,low,premium,white,gum,httptrimlott,,,,,,,,,
back,smartchickpdx,just,told,nike,layoff,start,today,,,,,,,,,,
work,nike,one,fav,word,just,,,,,,,,,,,,
give,way,total,inspir,freaki,nike,commerci,httpsnurlcomicgj,,,,,,,,,,
brand,weka,app,engin,interfac,use,bird,strike,data,test,logo,given,,,,,,
class,new,canon,dslr,camera,canon,len,web,technolog,thread,brand,new,canon,,,,,
need,suppos,come,today,,,,,,,,,,,,,,
took,someon,explain,lambda,calculus,,,,,,,,,,,,,
shout,graduat,field,exam,comput,scienc,today,noth,make,feel,like,idiot,lambda,calculus,,,,
legalgeekeri,out,east,palo,alto,buildin,karizmakaz,cal,gta,also,thank,profit,doom,univers,hempz,cracka,,
accanni,yeahhhhhhhhh,realli,live,east,palo,alto,avoid,guess,summer,,,,,,,,
nvidia,edog,great,stanford,cours,thank,make,avail,public,realli,help,inform,start,,,,,
new,name,stanford,bill,dalli,chief,scientist,research,httpbitlyfvvg,,,,,,,,,
blog,post,harvard,versus,stanford,win,httpbitlymcoco,,,,,,,,,,,
damn,work,til,pm,let,go,laker,,,,,,,,,,,
can,north,korea,httpbitlyktmeq,,,,,,,,,,,,,,
north,just,go,ahead,blow,north,korea,map,alreadi,,,,,,,,,
korea,pleas,ceas,douchebaggeri,china,even,like,anymor,httpbitlynehsl,,,,,,,,,
hell,pelosi,freakin,china,whose,dime,,,,,,,,,,,,
insect,burn,cash,chrysler,gm,stop,financi,tsunami,bailout,mean,take,handout,,,,,,
wish,infect,spinach,plant,,,,,,,,,,,,,,
just,catch,everi,mosquito,world,burn,slowli,bitin,shit,outta,daymosquito,asshol,insect,,,,,
just,got,back,church,total,hate,insect,,,,,,,,,,,
omgg,got,mcdonald,goddam,egg,make,sick,yeah,laker,date,go,laker,much,updat,well,TRUE,suck,
histori,ohhde,want,mcdonald,damn,wonder,open,lol,,,,,,,,,,
exam,studi,ugh,,,,,,,,,,,,,,,
higher,hate,revis,bore,total,unprepar,exam,tomorrow,thing,look,good,,,,,,,
physic,exam,tommorow,lookin,forward,much,,,,,,,,,,,,
bank,holiday,yet,work,now,exam,season,suck,,,,,,,,,,
